{"cameraMode":{"drawMode":0,"name":"Shaded","section":"Shading Mode"},"sceneLighting":false,"audioPlay":false,"sceneViewState":{"showFog":true,"showMaterialUpdate":false,"showSkybox":false,"showFlares":true,"showImageEffects":true,"showParticleSystems":true},"in2DMode":false,"pivot":{"x":-8.149999618530274,"y":0.10000000149011612,"z":-2.4100000858306886},"rotation":{"x":0.159063458442688,"y":-0.7409135103225708,"z":0.18862417340278626,"w":0.6246554851531982},"size":0.5715773105621338,"orthographic":false}