{"cameraMode":{"drawMode":0,"name":"Shaded","section":"Shading Mode"},"sceneLighting":true,"audioPlay":false,"sceneViewState":{"showFog":true,"showMaterialUpdate":false,"showSkybox":true,"showFlares":true,"showImageEffects":true,"showParticleSystems":true},"in2DMode":false,"pivot":{"x":1.6965012550354005,"y":-19.899608612060548,"z":-13.103347778320313},"rotation":{"x":-0.3595804274082184,"y":0.00534840440377593,"z":-0.002060899743810296,"w":-0.9331330060958862},"size":110.95915222167969,"orthographic":false}