{"cameraMode":{"drawMode":0,"name":"Shaded","section":"Shading Mode"},"sceneLighting":false,"audioPlay":false,"sceneViewState":{"showFog":true,"showMaterialUpdate":false,"showSkybox":false,"showFlares":true,"showImageEffects":true,"showParticleSystems":true},"in2DMode":false,"pivot":{"x":-56.13165283203125,"y":-16.101961135864259,"z":-69.49607849121094},"rotation":{"x":0.011529047042131424,"y":-0.9812850952148438,"z":0.18192149698734284,"w":0.062189530581235889},"size":55.69122314453125,"orthographic":false}