{"cameraMode":{"drawMode":0,"name":"Shaded","section":"Shading Mode"},"sceneLighting":false,"audioPlay":false,"sceneViewState":{"showFog":true,"showMaterialUpdate":false,"showSkybox":false,"showFlares":true,"showImageEffects":true,"showParticleSystems":true},"in2DMode":false,"pivot":{"x":-12.215869903564454,"y":0.9837610125541687,"z":-10.953344345092774},"rotation":{"x":0.05535778030753136,"y":-0.7509186863899231,"z":0.0634588673710823,"w":0.6550159454345703},"size":0.5715782642364502,"orthographic":false}