{"cameraMode":{"drawMode":0,"name":"Shaded","section":"Shading Mode"},"sceneLighting":false,"audioPlay":false,"sceneViewState":{"showFog":true,"showMaterialUpdate":false,"showSkybox":false,"showFlares":true,"showImageEffects":true,"showParticleSystems":true},"in2DMode":false,"pivot":{"x":-7.9576263427734379,"y":-12.272527694702149,"z":-6.545299530029297},"rotation":{"x":-0.13318973779678346,"y":0.057050880044698718,"z":-0.007680362556129694,"w":-0.9894206523895264},"size":81.98540496826172,"orthographic":false}